{
    "model_name": "distillBert",
    "timestamp": "20251014_003312",
    "training_completed": true,
    "student_metrics": {
        "size_mb": 178.78916549682617,
        "size_mb_effective": 125.15241584777831,
        "latency_ms": 27.63347625732422,
        "num_params": 66955010,
        "effective_params": 54037397,
        "sparsity": 30.0,
        "accuracy": 57.99999999999999,
        "precision": 42.7032967032967,
        "recall": 57.99999999999999,
        "f1": 49.18987341772152
    },
    "teacher_metrics": {
        "size_mb": 255.41309356689453,
        "latency_ms": 46.682190895080566,
        "num_params": 66955010,
        "effective_params": 66954240,
        "sparsity": 30.0,
        "accuracy": 52.0,
        "precision": 56.74347651545564,
        "recall": 52.0,
        "f1": 53.400000000000006
    },
    "compression_results": {
        "size_reduction_percent": 30.0,
        "latency_improvement_percent": 40.80509991608754,
        "params_reduction_percent": 20.0,
        "accuracy_impact": 5.999999999999993,
        "sparsity_gained": 30.0
    },
    "algorithm_details": {
        "knowledge_distillation": {
            "temperature": 2.0,
            "training_steps": 30,
            "final_loss": 0.0007054686429910362
        },
        "pruning": {
            "pruning_ratio": 0.3,
            "pruning_method": "L1 Unstructured Pruning",
            "layers_affected": "Convolutional and Linear layers"
        }
    }
}