{
    "model_name": "distillBert",
    "timestamp": "20251013_173722",
    "training_completed": true,
    "student_metrics": {
        "size_mb": 178.78916549682617,
        "size_mb_effective": 125.15241584777831,
        "latency_ms": 25.972294807434082,
        "num_params": 66955010,
        "effective_params": 54037395,
        "sparsity": 30.0,
        "accuracy": 57.99999999999999,
        "precision": 42.7032967032967,
        "recall": 57.99999999999999,
        "f1": 49.18987341772152
    },
    "teacher_metrics": {
        "size_mb": 255.41309356689453,
        "latency_ms": 46.49655818939209,
        "num_params": 66955010,
        "effective_params": 66954240,
        "sparsity": 30.0,
        "accuracy": 64.0,
        "precision": 51.031578947368416,
        "recall": 64.0,
        "f1": 53.847953216374265
    },
    "compression_results": {
        "size_reduction_percent": 30.0,
        "latency_improvement_percent": 44.14146805954445,
        "params_reduction_percent": 20.0,
        "accuracy_impact": -6.000000000000007,
        "sparsity_gained": 30.0
    },
    "algorithm_details": {
        "knowledge_distillation": {
            "temperature": 2.0,
            "training_steps": 30,
            "final_loss": 0.0004478573682717979
        },
        "pruning": {
            "pruning_ratio": 0.3,
            "pruning_method": "L1 Unstructured Pruning",
            "layers_affected": "Convolutional and Linear layers"
        }
    }
}