{
    "model_name": "MobileNetV2",
    "timestamp": "20251014_040437",
    "training_completed": true,
    "student_metrics": {
        "size_mb": 9.399200439453125,
        "size_mb_effective": 6.607688819331459,
        "latency_ms": 55.23576736450195,
        "num_params": 3504872,
        "effective_params": 2463944,
        "sparsity": 29.69945835397127,
        "accuracy": 90.0,
        "precision": 81.0,
        "recall": 90.0,
        "f1": 85.26315789473684
    },
    "teacher_metrics": {
        "size_mb": 13.370025634765625,
        "latency_ms": 94.24176216125488,
        "num_params": 3504872,
        "effective_params": 3504872,
        "sparsity": 30.0,
        "accuracy": 90.0,
        "precision": 81.0961262553802,
        "recall": 90.0,
        "f1": 85.2900641025641
    },
    "compression_results": {
        "size_reduction_percent": 29.69945835397127,
        "latency_improvement_percent": 41.38928846641331,
        "params_reduction_percent": 29.69945835397127,
        "accuracy_impact": 0.0,
        "sparsity_gained": 29.69945835397127
    },
    "algorithm_details": {
        "knowledge_distillation": {
            "temperature": 2.0,
            "training_steps": 30,
            "final_loss": 0.722396731376648
        },
        "pruning": {
            "pruning_ratio": 0.3,
            "pruning_method": "L1 Unstructured Pruning",
            "layers_affected": "Convolutional and Linear layers"
        }
    }
}